Dataset;Experiment 1 Name;Experiment 2 Name;T Test Compared Results;Alfa;T-value;P-value;Level of Confidence (%);Equal Variance?
MR;ES10;ES100;Reject H0;0.03;82.219;1.219973387603936e-24;100.0;True
MR;ES10;ES1000;Reject H0;0.03;112.4258;4.414213744433552e-27;100.0;True
MR;ES10;LR01;Reject H0;0.03;7.5306;1.4700180520852993e-05;99.9985;False
MR;ES10;LR001;Fail to reject H0;0.03;0.2554;0.8013331382215931;19.8667;True
MR;ES10;LR0001;Fail to reject H0;0.03;-2.1909;0.04186074238610017;95.8139;True
MR;ES10;LR00001;Reject H0;0.03;-3.5822;0.002130059622513818;99.787;True
MR;ES10;DO01;Reject H0;0.03;5.8909;1.4101657973049003e-05;99.9986;True
MR;ES10;DO02;Reject H0;0.03;5.5731;2.7328713415595737e-05;99.9973;True
MR;ES10;DO03;Reject H0;0.03;3.3088;0.0039046921753184477;99.6095;True
MR;ES10;DO04;Fail to reject H0;0.03;1.6234;0.1218951119050171;87.8105;True
MR;ES10;DO05;Fail to reject H0;0.03;0.7291;0.47529913637191556;52.4701;True
MR;ES10;DO06;Fail to reject H0;0.03;-0.6246;0.5400851376442363;45.9915;True
MR;ES10;DO07;Fail to reject H0;0.03;-1.9561;0.06615633616972062;93.3844;True
MR;ES10;DO08;Reject H0;0.03;-4.8934;0.00011698451945181441;99.9883;True
MR;ES10;DO09;Reject H0;0.03;-3.3752;0.003371935641669698;99.6628;True
MR;ES10;HD50;Fail to reject H0;0.03;-0.1269;0.9004048132057474;9.9595;True
MR;ES10;HD350;Fail to reject H0;0.03;1.2284;0.23512345433430204;76.4877;True
MR;ES10;HD500;Fail to reject H0;0.03;0.9845;0.33792666404819205;66.2073;True
MR;ES100;ES1000;Reject H0;0.03;25.6906;1.2298918173902277e-15;100.0;True
MR;ES100;LR01;Reject H0;0.03;-30.1686;1.883500212087125e-12;100.0;False
MR;ES100;LR001;Reject H0;0.03;-72.0795;1.2950202963290382e-23;100.0;True
MR;ES100;LR0001;Reject H0;0.03;-79.6798;2.1426374296264118e-24;100.0;True
MR;ES100;LR00001;Reject H0;0.03;-86.5445;4.858490002593434e-25;100.0;True
MR;ES100;DO01;Reject H0;0.03;-63.4064;1.2904671013739405e-22;100.0;True
MR;ES100;DO02;Reject H0;0.03;-81.2447;1.5111429872960345e-24;100.0;True
MR;ES100;DO03;Reject H0;0.03;-83.0948;1.0086324467956785e-24;100.0;True
MR;ES100;DO04;Reject H0;0.03;-76.5159;4.4340765323394575e-24;100.0;True
MR;ES100;DO05;Reject H0;0.03;-79.6049;2.1791114200781028e-24;100.0;True
MR;ES100;DO06;Reject H0;0.03;-91.7027;1.7175475039758612e-25;100.0;True
MR;ES100;DO07;Reject H0;0.03;-63.4891;1.2606524982841613e-22;100.0;True
MR;ES100;DO08;Reject H0;0.03;-82.2642;1.2079961286434386e-24;100.0;True
MR;ES100;DO09;Reject H0;0.03;-61.5663;2.1875545353701496e-22;100.0;True
MR;ES100;HD50;Reject H0;0.03;-71.0804;1.6635111445948992e-23;100.0;True
MR;ES100;HD350;Reject H0;0.03;-71.9375;1.3416462129713013e-23;100.0;True
MR;ES100;HD500;Reject H0;0.03;-73.1554;9.927190140817226e-24;100.0;True
MR;ES1000;LR01;Reject H0;0.03;-43.3804;3.488326315028356e-14;100.0;False
MR;ES1000;LR001;Reject H0;0.03;-98.3416;4.8927109821970616e-26;100.0;True
MR;ES1000;LR0001;Reject H0;0.03;-108.1278;8.894912596260149e-27;100.0;True
MR;ES1000;LR00001;Reject H0;0.03;-117.3184;2.0525098375889522e-27;100.0;True
MR;ES1000;DO01;Reject H0;0.03;-88.2174;3.44488953653343e-25;100.0;True
MR;ES1000;DO02;Reject H0;0.03;-112.8818;4.1044823954963116e-27;100.0;True
MR;ES1000;DO03;Reject H0;0.03;-114.7425;3.059278423956841e-27;100.0;True
MR;ES1000;DO04;Reject H0;0.03;-104.9819;1.5121907556538213e-26;100.0;True
MR;ES1000;DO05;Reject H0;0.03;-109.0028;7.695403329257439e-27;100.0;True
MR;ES1000;DO06;Reject H0;0.03;-125.6041;6.017602475850447e-28;100.0;True
MR;ES1000;DO07;Reject H0;0.03;-85.6756;5.823710146705465e-25;100.0;True
MR;ES1000;DO08;Reject H0;0.03;-110.8378;5.700491064404049e-27;100.0;True
MR;ES1000;DO09;Reject H0;0.03;-82.529;1.1402796049723218e-24;100.0;True
MR;ES1000;HD50;Reject H0;0.03;-96.823;6.471247294830155e-26;100.0;True
MR;ES1000;HD350;Reject H0;0.03;-98.4719;4.777680588484287e-26;100.0;True
MR;ES1000;HD500;Reject H0;0.03;-100.0843;3.568385118449083e-26;100.0;True
MR;LR01;LR001;Reject H0;0.03;-7.1814;1.2484096435611691e-05;99.9988;False
MR;LR01;LR0001;Reject H0;0.03;-8.3665;4.154435417417958e-06;99.9996;False
MR;LR01;LR00001;Reject H0;0.03;-8.9612;3.2239037373939487e-06;99.9997;False
MR;LR01;DO01;Reject H0;0.03;-4.3538;0.000885864122519371;99.9114;False
MR;LR01;DO02;Reject H0;0.03;-5.4885;0.0002485673649599307;99.9751;False
MR;LR01;DO03;Reject H0;0.03;-6.3454;7.701752430732695e-05;99.9923;False
MR;LR01;DO04;Reject H0;0.03;-6.7495;3.127139070665011e-05;99.9969;False
MR;LR01;DO05;Reject H0;0.03;-7.1898;2.0011660296820786e-05;99.998;False
MR;LR01;DO06;Reject H0;0.03;-7.9104;1.5100564875467153e-05;99.9985;False
MR;LR01;DO07;Reject H0;0.03;-7.9982;2.458784595233428e-07;100.0;True
MR;LR01;DO08;Reject H0;0.03;-9.514;1.2039477727161874e-06;99.9999;False
MR;LR01;DO09;Reject H0;0.03;-8.7049;7.214635984829551e-08;100.0;True
MR;LR01;HD50;Reject H0;0.03;-7.321;9.42003000727572e-06;99.9991;False
MR;LR01;HD350;Reject H0;0.03;-6.7597;2.334986487473691e-05;99.9977;False
MR;LR01;HD500;Reject H0;0.03;-6.9027;2.0354218492074844e-05;99.998;False
MR;LR001;LR0001;Fail to reject H0;0.03;-2.1286;0.047354618420543074;95.2645;True
MR;LR001;LR00001;Reject H0;0.03;-3.2624;0.0043252001533227;99.5675;True
MR;LR001;DO01;Reject H0;0.03;5.0479;8.371199624401033e-05;99.9916;True
MR;LR001;DO02;Reject H0;0.03;4.349;0.0003867019114634582;99.9613;True
MR;LR001;DO03;Reject H0;0.03;2.4745;0.02352204099139066;97.6478;True
MR;LR001;DO04;Fail to reject H0;0.03;1.1549;0.2632247879571026;73.6775;True
MR;LR001;DO05;Fail to reject H0;0.03;0.3717;0.7144465239911657;28.5553;True
MR;LR001;DO06;Fail to reject H0;0.03;-0.785;0.4426454071035285;55.7355;True
MR;LR001;DO07;Fail to reject H0;0.03;-1.9814;0.0630271272966709;93.6973;True
MR;LR001;DO08;Reject H0;0.03;-4.4523;0.00030778561817823986;99.9692;True
MR;LR001;DO09;Reject H0;0.03;-3.2999;0.003982062796271139;99.6018;True
MR;LR001;HD50;Fail to reject H0;0.03;-0.3333;0.7427571678174878;25.7243;True
MR;LR001;HD350;Fail to reject H0;0.03;0.852;0.40539673690833544;59.4603;True
MR;LR001;HD500;Fail to reject H0;0.03;0.6312;0.5358490780808213;46.4151;True
MR;LR0001;LR00001;Fail to reject H0;0.03;-1.0803;0.2942629729546226;70.5737;True
MR;LR0001;DO01;Reject H0;0.03;7.3934;7.39403053353457e-07;99.9999;True
MR;LR0001;DO02;Reject H0;0.03;7.4319;6.882868027547502e-07;99.9999;True
MR;LR0001;DO03;Reject H0;0.03;5.3495;4.384808673276566e-05;99.9956;True
MR;LR0001;DO04;Reject H0;0.03;3.577;0.0021546779000914057;99.7845;True
MR;LR0001;DO05;Reject H0;0.03;2.8078;0.011641674249184697;98.8358;True
MR;LR0001;DO06;Fail to reject H0;0.03;1.9189;0.07098927404011053;92.9011;True
MR;LR0001;DO07;Fail to reject H0;0.03;-0.3037;0.7648305521743132;23.5169;True
MR;LR0001;DO08;Reject H0;0.03;-2.5218;0.021320208390366666;97.868;True
MR;LR0001;DO09;Fail to reject H0;0.03;-1.7754;0.09274653217278389;90.7253;True
MR;LR0001;HD50;Fail to reject H0;0.03;1.7267;0.10134792316372603;89.8652;True
MR;LR0001;HD350;Reject H0;0.03;3.0697;0.006601954014675984;99.3398;True
MR;LR0001;HD500;Reject H0;0.03;2.8673;0.010243245000540616;98.9757;True
MR;LR00001;DO01;Reject H0;0.03;8.7821;6.334354440824744e-08;100.0;True
MR;LR00001;DO02;Reject H0;0.03;9.5333;1.853865533553524e-08;100.0;True
MR;LR00001;DO03;Reject H0;0.03;7.2095;1.0433678965296243e-06;99.9999;True
MR;LR00001;DO04;Reject H0;0.03;4.9751;9.799444713576453e-05;99.9902;True
MR;LR00001;DO05;Reject H0;0.03;4.2032;0.0005343901198213503;99.9466;True
MR;LR00001;DO06;Reject H0;0.03;3.5496;0.002290179154400467;99.771;True
MR;LR00001;DO07;Fail to reject H0;0.03;0.4837;0.6344387534702904;36.5561;True
MR;LR00001;DO08;Fail to reject H0;0.03;-1.6596;0.11432371452355411;88.5676;True
MR;LR00001;DO09;Fail to reject H0;0.03;-1.1004;0.29083743892474573;70.9163;False
MR;LR00001;HD50;Reject H0;0.03;2.802;0.011785634577846447;98.8214;True
MR;LR00001;HD350;Reject H0;0.03;4.2903;0.00044044917330648937;99.956;True
MR;LR00001;HD500;Reject H0;0.03;4.0984;0.0006746310638707108;99.9325;True
MR;DO01;DO02;Fail to reject H0;0.03;-1.8118;0.08673189744534324;91.3268;True
MR;DO01;DO03;Reject H0;0.03;-3.5578;0.002248736453027274;99.7751;True
MR;DO01;DO04;Reject H0;0.03;-4.3037;0.00042760190171766744;99.9572;True
MR;DO01;DO05;Reject H0;0.03;-5.1831;6.257501186889254e-05;99.9937;True
MR;DO01;DO06;Reject H0;0.03;-6.8996;1.1895679692953898e-05;99.9988;False
MR;DO01;DO07;Reject H0;0.03;-6.2801;6.3833704184483614e-06;99.9994;True
MR;DO01;DO08;Reject H0;0.03;-9.5996;1.6686838066944958e-08;100.0;True
MR;DO01;DO09;Reject H0;0.03;-7.3484;8.03998484978193e-07;99.9999;True
MR;DO01;HD50;Reject H0;0.03;-5.2817;5.066996781151393e-05;99.9949;True
MR;DO01;HD350;Reject H0;0.03;-4.2833;0.0004473874837171732;99.9553;True
MR;DO01;HD500;Reject H0;0.03;-4.5557;0.0002450064623234054;99.9755;True
MR;DO02;DO03;Reject H0;0.03;-2.4248;0.026063704550033182;97.3936;True
MR;DO02;DO04;Reject H0;0.03;-3.4255;0.0030163699551724412;99.6984;True
MR;DO02;DO05;Reject H0;0.03;-4.5945;0.00022497029703876122;99.9775;True
MR;DO02;DO06;Reject H0;0.03;-7.3058;8.706540823094893e-07;99.9999;True
MR;DO02;DO07;Reject H0;0.03;-5.7595;6.3170691636908e-05;99.9937;False
MR;DO02;DO08;Reject H0;0.03;-10.3064;5.601533490889982e-09;100.0;True
MR;DO02;DO09;Reject H0;0.03;-6.9646;1.1756716082276353e-05;99.9988;False
MR;DO02;HD50;Reject H0;0.03;-4.6307;0.0002077501584590441;99.9792;True
MR;DO02;HD350;Reject H0;0.03;-3.3956;0.003222568008948191;99.6777;True
MR;DO02;HD500;Reject H0;0.03;-3.739;0.0015022965484850367;99.8498;True
MR;DO03;DO04;Fail to reject H0;0.03;-1.3397;0.19700431876486532;80.2996;True
MR;DO03;DO05;Reject H0;0.03;-2.4147;0.026611592174416276;97.3388;True
MR;DO03;DO06;Reject H0;0.03;-4.612;0.00021645843663468215;99.9784;True
MR;DO03;DO07;Reject H0;0.03;-4.2376;0.0009440916916262528;99.9056;False
MR;DO03;DO08;Reject H0;0.03;-8.2127;1.683264853888074e-07;100.0;True
MR;DO03;DO09;Reject H0;0.03;-5.5412;0.00010717654392997886;99.9893;False
MR;DO03;HD50;Reject H0;0.03;-2.8036;0.011745842934600242;98.8254;True
MR;DO03;HD350;Fail to reject H0;0.03;-1.4956;0.15209455795164228;84.7905;True
MR;DO03;HD500;Fail to reject H0;0.03;-1.8022;0.0882909674975755;91.1709;True
MR;DO04;DO05;Fail to reject H0;0.03;-0.8958;0.38218733427630114;61.7813;True
MR;DO04;DO06;Reject H0;0.03;-2.4099;0.02687559744659459;97.3124;True
MR;DO04;DO07;Reject H0;0.03;-3.0555;0.00681035690642566;99.319;True
MR;DO04;DO08;Reject H0;0.03;-6.1174;8.869151390110682e-06;99.9991;True
MR;DO04;DO09;Reject H0;0.03;-4.3701;0.00036905060212048926;99.9631;True
MR;DO04;HD50;Fail to reject H0;0.03;-1.4884;0.1539690034649611;84.6031;True
MR;DO04;HD350;Fail to reject H0;0.03;-0.2494;0.8059030587959308;19.4097;True
MR;DO04;HD500;Fail to reject H0;0.03;-0.5044;0.6201287167848608;37.9871;True
MR;DO05;DO06;Fail to reject H0;0.03;-1.4347;0.16852929325672;83.1471;True
MR;DO05;DO07;Reject H0;0.03;-2.4394;0.0252926054033503;97.4707;True
MR;DO05;DO08;Reject H0;0.03;-5.4347;3.6596162988473365e-05;99.9963;True
MR;DO05;DO09;Reject H0;0.03;-3.8109;0.0012798707772265032;99.872;True
MR;DO05;HD50;Fail to reject H0;0.03;-0.7312;0.4740721268140008;52.5928;True
MR;DO05;HD350;Fail to reject H0;0.03;0.5699;0.5757698010411755;42.423;True
MR;DO05;HD500;Fail to reject H0;0.03;0.3207;0.7521682090828324;24.7832;True
MR;DO06;DO07;Fail to reject H0;0.03;-1.6916;0.11716648239218147;88.2834;False
MR;DO06;DO08;Reject H0;0.03;-4.9875;9.538557721438959e-05;99.9905;True
MR;DO06;DO09;Reject H0;0.03;-3.2059;0.008098123195045145;99.1902;False
MR;DO06;HD50;Fail to reject H0;0.03;0.3483;0.7331384328470749;26.6862;False
MR;DO06;HD350;Fail to reject H0;0.03;1.874;0.07725748993691461;92.2743;True
MR;DO06;HD500;Fail to reject H0;0.03;1.6189;0.12286165703717714;87.7138;True
MR;DO07;DO08;Fail to reject H0;0.03;-1.6342;0.11959127105309046;88.0409;True
MR;DO07;DO09;Fail to reject H0;0.03;-1.2761;0.21814695747154905;78.1853;True
MR;DO07;HD50;Fail to reject H0;0.03;1.6685;0.1125160112950088;88.7484;True
MR;DO07;HD350;Reject H0;0.03;2.7219;0.013986396384540432;98.6014;True
MR;DO07;HD500;Reject H0;0.03;2.5511;0.020053971151356625;97.9946;True
MR;DO08;DO09;Fail to reject H0;0.03;0.0478;0.9624031991393317;3.7597;True
MR;DO08;HD50;Reject H0;0.03;3.9999;0.0008400989297094614;99.916;True
MR;DO08;HD350;Reject H0;0.03;5.423;3.751763975590333e-05;99.9962;True
MR;DO08;HD500;Reject H0;0.03;5.2572;5.3394083040794216e-05;99.9947;True
MR;DO09;HD50;Reject H0;0.03;2.9883;0.007883476941420223;99.2117;True
MR;DO09;HD350;Reject H0;0.03;4.0088;0.0008235139786836234;99.9176;True
MR;DO09;HD500;Reject H0;0.03;3.8572;0.001154559853406217;99.8845;True
MR;HD50;HD350;Fail to reject H0;0.03;1.1726;0.2562445315523043;74.3755;True
MR;HD50;HD500;Fail to reject H0;0.03;0.9599;0.3498045042605452;65.0195;True
MR;HD350;HD500;Fail to reject H0;0.03;-0.2347;0.8170798695036814;18.292;True
Ohsumed;ES10;ES100;Fail to reject H0;0.03;0.5587;0.5832204228444393;41.678;True
Ohsumed;ES10;ES1000;Reject H0;0.03;13.8539;6.877887143493021e-09;100.0;False
Ohsumed;ES10;LR01;Reject H0;0.03;4.9695;9.917762493929613e-05;99.9901;True
Ohsumed;ES10;LR001;Fail to reject H0;0.03;0.3909;0.7004456680405997;29.9554;True
Ohsumed;ES10;LR0001;Reject H0;0.03;8.8125;6.018651504922303e-08;100.0;True
Ohsumed;ES10;LR00001;Reject H0;0.03;12.1847;3.9445673328733664e-10;100.0;True
Ohsumed;ES10;DO01;Fail to reject H0;0.03;-1.413;0.1747223214482239;82.5278;True
Ohsumed;ES10;DO02;Fail to reject H0;0.03;-0.8309;0.4169035618576843;58.3096;True
Ohsumed;ES10;DO03;Fail to reject H0;0.03;-1.2663;0.22843075641566868;77.1569;False
Ohsumed;ES10;DO04;Fail to reject H0;0.03;-0.4033;0.6942179950449467;30.5782;False
Ohsumed;ES10;DO05;Fail to reject H0;0.03;0.3012;0.7679885585400632;23.2011;False
Ohsumed;ES10;DO06;Fail to reject H0;0.03;1.4112;0.1752431368515398;82.4757;True
Ohsumed;ES10;DO07;Fail to reject H0;0.03;0.5628;0.5804949663173458;41.9505;True
Ohsumed;ES10;DO08;Fail to reject H0;0.03;1.9699;0.06443383426444647;93.5566;True
Ohsumed;ES10;DO09;Reject H0;0.03;3.4002;0.00318982499004745;99.681;True
Ohsumed;ES10;HD50;Reject H0;0.03;6.9075;1.8554744704686464e-06;99.9998;True
Ohsumed;ES10;HD350;Fail to reject H0;0.03;-0.4203;0.6792672676254907;32.0733;True
Ohsumed;ES10;HD500;Fail to reject H0;0.03;-0.9217;0.3688999659422132;63.11;True
Ohsumed;ES100;ES1000;Reject H0;0.03;18.0982;5.365830560996604e-13;100.0;True
Ohsumed;ES100;LR01;Reject H0;0.03;5.0891;0.0002061817703630398;99.9794;False
Ohsumed;ES100;LR001;Fail to reject H0;0.03;-0.1003;0.9212196311017506;7.878;True
Ohsumed;ES100;LR0001;Reject H0;0.03;10.8944;2.352645207034696e-09;100.0;True
Ohsumed;ES100;LR00001;Reject H0;0.03;14.4132;2.5086277258349337e-11;100.0;True
Ohsumed;ES100;DO01;Reject H0;0.03;-2.652;0.016220637336853114;98.3779;True
Ohsumed;ES100;DO02;Fail to reject H0;0.03;-1.85;0.08080768276931123;91.9192;True
Ohsumed;ES100;DO03;Reject H0;0.03;-2.556;0.01984822718541875;98.0152;True
Ohsumed;ES100;DO04;Fail to reject H0;0.03;-1.4467;0.16518089450954776;83.4819;True
Ohsumed;ES100;DO05;Fail to reject H0;0.03;-0.4029;0.6917939965225651;30.8206;True
Ohsumed;ES100;DO06;Fail to reject H0;0.03;1.0851;0.29217620757775103;70.7824;True
Ohsumed;ES100;DO07;Fail to reject H0;0.03;0.0657;0.9483099265608997;5.169;True
Ohsumed;ES100;DO08;Fail to reject H0;0.03;1.7607;0.09526216158430403;90.4738;True
Ohsumed;ES100;DO09;Reject H0;0.03;3.4389;0.002928186622456215;99.7072;True
Ohsumed;ES100;HD50;Reject H0;0.03;8.2409;1.602062430061768e-07;100.0;True
Ohsumed;ES100;HD350;Fail to reject H0;0.03;-1.2592;0.22403144219430318;77.5969;True
Ohsumed;ES100;HD500;Fail to reject H0;0.03;-1.9868;0.06238082117195048;93.7619;True
Ohsumed;ES1000;LR01;Reject H0;0.03;-4.6408;0.0007474726628404489;99.9253;False
Ohsumed;ES1000;LR001;Reject H0;0.03;-13.4001;9.862817114171008e-09;100.0;False
Ohsumed;ES1000;LR0001;Reject H0;0.03;-7.4041;7.247256654248734e-07;99.9999;True
Ohsumed;ES1000;LR00001;Fail to reject H0;0.03;0.3253;0.7487081278250052;25.1292;True
Ohsumed;ES1000;DO01;Reject H0;0.03;-24.033;3.955801061927591e-15;100.0;True
Ohsumed;ES1000;DO02;Reject H0;0.03;-22.2277;1.544361389037913e-14;100.0;True
Ohsumed;ES1000;DO03;Reject H0;0.03;-26.1929;8.755191345971317e-16;100.0;True
Ohsumed;ES1000;DO04;Reject H0;0.03;-27.2299;4.424160025083617e-16;100.0;True
Ohsumed;ES1000;DO05;Reject H0;0.03;-22.2963;1.4637113127795663e-14;100.0;True
Ohsumed;ES1000;DO06;Reject H0;0.03;-18.5842;3.4078510502490235e-13;100.0;True
Ohsumed;ES1000;DO07;Reject H0;0.03;-14.8556;1.5153349683515404e-11;100.0;True
Ohsumed;ES1000;DO08;Reject H0;0.03;-11.7213;3.8592505737063895e-08;100.0;False
Ohsumed;ES1000;DO09;Reject H0;0.03;-9.3999;5.682144546103384e-07;99.9999;False
Ohsumed;ES1000;HD50;Reject H0;0.03;-9.6151;1.6282265287031026e-08;100.0;True
Ohsumed;ES1000;HD350;Reject H0;0.03;-19.9361;1.0179309583351054e-13;100.0;True
Ohsumed;ES1000;HD500;Reject H0;0.03;-22.8389;9.629401821762326e-15;100.0;True
Ohsumed;LR01;LR001;Reject H0;0.03;-4.6521;0.0001982111883024336;99.9802;True
Ohsumed;LR01;LR0001;Fail to reject H0;0.03;1.0576;0.3116020131463685;68.8398;False
Ohsumed;LR01;LR00001;Reject H0;0.03;4.426;0.00032615320942379924;99.9674;True
Ohsumed;LR01;DO01;Reject H0;0.03;-6.8091;2.112585282430597e-05;99.9979;False
Ohsumed;LR01;DO02;Reject H0;0.03;-6.314;3.766699534963551e-05;99.9962;False
Ohsumed;LR01;DO03;Reject H0;0.03;-6.8001;3.040194742695482e-05;99.997;False
Ohsumed;LR01;DO04;Reject H0;0.03;-6.243;8.534284028069611e-05;99.9915;False
Ohsumed;LR01;DO05;Reject H0;0.03;-5.5498;0.00015544199435600132;99.9845;False
Ohsumed;LR01;DO06;Reject H0;0.03;-4.5708;0.000628977113357221;99.9371;False
Ohsumed;LR01;DO07;Reject H0;0.03;-4.7462;0.0001612702553284839;99.9839;True
Ohsumed;LR01;DO08;Reject H0;0.03;-3.4041;0.003162771948194628;99.6837;True
Ohsumed;LR01;DO09;Fail to reject H0;0.03;-2.1275;0.047460515427166394;95.2539;True
Ohsumed;LR01;HD50;Fail to reject H0;0.03;-0.2729;0.7894997849434309;21.05;False
Ohsumed;LR01;HD350;Reject H0;0.03;-5.8872;5.625585680471384e-05;99.9944;False
Ohsumed;LR01;HD500;Reject H0;0.03;-6.41;3.514626702439061e-05;99.9965;False
Ohsumed;LR001;LR0001;Reject H0;0.03;8.356;1.3110910066454907e-07;100.0;True
Ohsumed;LR001;LR00001;Reject H0;0.03;11.7824;6.77144923725084e-10;100.0;True
Ohsumed;LR001;DO01;Fail to reject H0;0.03;-1.9049;0.07289803790913132;92.7102;True
Ohsumed;LR001;DO02;Fail to reject H0;0.03;-1.3135;0.20551973740824814;79.448;True
Ohsumed;LR001;DO03;Fail to reject H0;0.03;-1.7754;0.10001975386441073;89.998;False
Ohsumed;LR001;DO04;Fail to reject H0;0.03;-0.925;0.3741491197371586;62.5851;False
Ohsumed;LR001;DO05;Fail to reject H0;0.03;-0.1934;0.8496007852130483;15.0399;False
Ohsumed;LR001;DO06;Fail to reject H0;0.03;0.937;0.36116405551391983;63.8836;True
Ohsumed;LR001;DO07;Fail to reject H0;0.03;0.1457;0.88579770790676;11.4202;True
Ohsumed;LR001;DO08;Fail to reject H0;0.03;1.5762;0.13240096270471588;86.7599;True
Ohsumed;LR001;DO09;Reject H0;0.03;3.018;0.00738969232067667;99.261;True
Ohsumed;LR001;HD50;Reject H0;0.03;6.4549;4.499577545050859e-06;99.9996;True
Ohsumed;LR001;HD350;Fail to reject H0;0.03;-0.8856;0.38749194315750923;61.2508;True
Ohsumed;LR001;HD500;Fail to reject H0;0.03;-1.4086;0.1760053181746162;82.3995;True
Ohsumed;LR0001;LR00001;Reject H0;0.03;5.7489;1.8925234477707246e-05;99.9981;True
Ohsumed;LR0001;DO01;Reject H0;0.03;-15.2415;9.864572619262318e-12;100.0;True
Ohsumed;LR0001;DO02;Reject H0;0.03;-13.9308;4.413132263376434e-11;100.0;True
Ohsumed;LR0001;DO03;Reject H0;0.03;-16.2268;3.435252332847683e-12;100.0;True
Ohsumed;LR0001;DO04;Reject H0;0.03;-16.0658;4.0656266065895784e-12;100.0;True
Ohsumed;LR0001;DO05;Reject H0;0.03;-13.2099;1.0590597595017279e-10;100.0;True
Ohsumed;LR0001;DO06;Reject H0;0.03;-10.6071;3.5785704852091695e-09;100.0;True
Ohsumed;LR0001;DO07;Reject H0;0.03;-9.1083;3.684265059369153e-08;100.0;True
Ohsumed;LR0001;DO08;Reject H0;0.03;-6.5962;3.402230340816636e-06;99.9997;True
Ohsumed;LR0001;DO09;Reject H0;0.03;-4.5461;0.00025023452643061547;99.975;True
Ohsumed;LR0001;HD50;Reject H0;0.03;-2.4592;0.024275234504070747;97.5725;True
Ohsumed;LR0001;HD350;Reject H0;0.03;-12.4654;2.728477229612747e-10;100.0;True
Ohsumed;LR0001;HD500;Reject H0;0.03;-14.3062;2.8394853144259428e-11;100.0;True
Ohsumed;LR00001;DO01;Reject H0;0.03;-18.0097;5.834870420540281e-13;100.0;True
Ohsumed;LR00001;DO02;Reject H0;0.03;-16.9591;1.625656905805427e-12;100.0;True
Ohsumed;LR00001;DO03;Reject H0;0.03;-18.7171;3.015506231790072e-13;100.0;True
Ohsumed;LR00001;DO04;Reject H0;0.03;-18.4831;1.2769489151403266e-10;100.0;False
Ohsumed;LR00001;DO05;Reject H0;0.03;-16.3696;2.9620866377601944e-12;100.0;True
Ohsumed;LR00001;DO06;Reject H0;0.03;-14.2495;3.033145772351851e-11;100.0;True
Ohsumed;LR00001;DO07;Reject H0;0.03;-12.6471;2.1567672068197833e-10;100.0;True
Ohsumed;LR00001;DO08;Reject H0;0.03;-10.2652;5.960551003107107e-09;100.0;True
Ohsumed;LR00001;DO09;Reject H0;0.03;-8.3489;1.327222675282504e-07;100.0;True
Ohsumed;LR00001;HD50;Reject H0;0.03;-7.5645;5.38789745698133e-07;99.9999;True
Ohsumed;LR00001;HD350;Reject H0;0.03;-15.7367;5.7634073035350675e-12;100.0;True
Ohsumed;LR00001;HD500;Reject H0;0.03;-17.2607;1.2045155346616707e-12;100.0;True
Ohsumed;DO01;DO02;Fail to reject H0;0.03;0.82;0.42293631022339784;57.7064;True
Ohsumed;DO01;DO03;Fail to reject H0;0.03;0.3065;0.7627551745969221;23.7245;True
Ohsumed;DO01;DO04;Fail to reject H0;0.03;1.8026;0.08822186127669306;91.1778;True
Ohsumed;DO01;DO05;Reject H0;0.03;2.6438;0.016504466097933067;98.3496;True
Ohsumed;DO01;DO06;Reject H0;0.03;4.0866;0.0006925579903919726;99.9307;True
Ohsumed;DO01;DO07;Fail to reject H0;0.03;2.307;0.033157900056739166;96.6842;True
Ohsumed;DO01;DO08;Reject H0;0.03;3.9323;0.000976599184479655;99.9023;True
Ohsumed;DO01;DO09;Reject H0;0.03;5.6317;2.4170047306750613e-05;99.9976;True
Ohsumed;DO01;HD50;Reject H0;0.03;12.0058;5.007223627201224e-10;100.0;True
Ohsumed;DO01;HD350;Fail to reject H0;0.03;1.3074;0.20752098366835425;79.2479;True
Ohsumed;DO01;HD500;Fail to reject H0;0.03;0.711;0.4862104404941531;51.379;True
Ohsumed;DO02;DO03;Fail to reject H0;0.03;-0.589;0.5632010271391479;43.6799;True
Ohsumed;DO02;DO04;Fail to reject H0;0.03;0.776;0.4478023196223533;55.2198;True
Ohsumed;DO02;DO05;Fail to reject H0;0.03;1.7022;0.10592574840598955;89.4074;True
Ohsumed;DO02;DO06;Reject H0;0.03;3.1721;0.005276641483826374;99.4723;True
Ohsumed;DO02;DO07;Fail to reject H0;0.03;1.6407;0.11821749688733846;88.1783;True
Ohsumed;DO02;DO08;Reject H0;0.03;3.2933;0.0040404746850103285;99.596;True
Ohsumed;DO02;DO09;Reject H0;0.03;4.9902;9.483414849154856e-05;99.9905;True
Ohsumed;DO02;HD50;Reject H0;0.03;10.8755;2.418017760972105e-09;100.0;True
Ohsumed;DO02;HD350;Fail to reject H0;0.03;0.5271;0.6045297393579843;39.547;True
Ohsumed;DO02;HD500;Fail to reject H0;0.03;-0.1199;0.9059025920485013;9.4097;True
Ohsumed;DO03;DO04;Fail to reject H0;0.03;1.6498;0.1163286920732589;88.3671;True
Ohsumed;DO03;DO05;Reject H0;0.03;2.5658;0.019447333455066627;98.0553;True
Ohsumed;DO03;DO06;Reject H0;0.03;4.1098;0.0006576859226474582;99.9342;True
Ohsumed;DO03;DO07;Fail to reject H0;0.03;2.1887;0.04204660007853161;95.7953;True
Ohsumed;DO03;DO08;Reject H0;0.03;3.8777;0.001957132612417558;99.8043;False
Ohsumed;DO03;DO09;Reject H0;0.03;5.634;9.40723444130284e-05;99.9906;False
Ohsumed;DO03;HD50;Reject H0;0.03;12.6208;2.2309766635880453e-10;100.0;True
Ohsumed;DO03;HD350;Fail to reject H0;0.03;1.1224;0.2764570403860596;72.3543;True
Ohsumed;DO03;HD500;Fail to reject H0;0.03;0.4675;0.6457489114350745;35.4251;True
Ohsumed;DO04;DO05;Fail to reject H0;0.03;1.2399;0.23094329621696208;76.9057;True
Ohsumed;DO04;DO06;Reject H0;0.03;3.0083;0.007548697306337264;99.2451;True
Ohsumed;DO04;DO07;Fail to reject H0;0.03;1.2511;0.2345009238528523;76.5499;False
Ohsumed;DO04;DO08;Reject H0;0.03;3.0728;0.010065186935850194;98.9935;False
Ohsumed;DO04;DO09;Reject H0;0.03;4.9087;0.0004249288329887439;99.9575;False
Ohsumed;DO04;HD50;Reject H0;0.03;12.1367;4.2045294783186624e-10;100.0;True
Ohsumed;DO04;HD350;Fail to reject H0;0.03;-0.0962;0.9244222871821755;7.5578;True
Ohsumed;DO04;HD500;Fail to reject H0;0.03;-0.9389;0.3601912940143941;63.9809;True
Ohsumed;DO05;DO06;Fail to reject H0;0.03;1.6955;0.10721617215819135;89.2784;True
Ohsumed;DO05;DO07;Fail to reject H0;0.03;0.4086;0.6876357352585953;31.2364;True
Ohsumed;DO05;DO08;Fail to reject H0;0.03;2.2131;0.04004720334368079;95.9953;True
Ohsumed;DO05;DO09;Reject H0;0.03;3.9987;0.0014807713383203694;99.8519;False
Ohsumed;DO05;HD50;Reject H0;0.03;9.937;9.841932680488943e-09;100.0;True
Ohsumed;DO05;HD350;Fail to reject H0;0.03;-1.0234;0.31965539765963213;68.0345;True
Ohsumed;DO05;HD500;Fail to reject H0;0.03;-1.8636;0.07876997267614276;92.123;True
Ohsumed;DO06;DO07;Fail to reject H0;0.03;-0.8534;0.40462966205735273;59.537;True
Ohsumed;DO06;DO08;Fail to reject H0;0.03;0.9825;0.33888931315029436;66.1111;True
Ohsumed;DO06;DO09;Reject H0;0.03;2.7507;0.013151634955235768;98.6848;True
Ohsumed;DO06;HD50;Reject H0;0.03;7.7225;4.0367693712461277e-07;100.0;True
Ohsumed;DO06;HD350;Reject H0;0.03;-2.4498;0.02475113275751847;97.5249;True
Ohsumed;DO06;HD500;Reject H0;0.03;-3.3446;0.0036076570888419228;99.6392;True
Ohsumed;DO07;DO08;Fail to reject H0;0.03;1.5396;0.14105275256849203;85.8947;True
Ohsumed;DO07;DO09;Reject H0;0.03;3.0775;0.006490810878915001;99.3509;True
Ohsumed;DO07;HD50;Reject H0;0.03;6.958;1.683874871983154e-06;99.9998;True
Ohsumed;DO07;HD350;Fail to reject H0;0.03;-1.1521;0.26436660907779413;73.5633;True
Ohsumed;DO07;HD500;Fail to reject H0;0.03;-1.751;0.09697639307526267;90.3024;True
Ohsumed;DO08;DO09;Fail to reject H0;0.03;1.5;0.1509377945996067;84.9062;True
Ohsumed;DO08;HD50;Reject H0;0.03;4.6871;0.00018355801645780878;99.9816;True
Ohsumed;DO08;HD350;Reject H0;0.03;-2.7863;0.012189143548465873;98.7811;True
Ohsumed;DO08;HD500;Reject H0;0.03;-3.4085;0.003132015324997245;99.6868;True
Ohsumed;DO09;HD50;Reject H0;0.03;2.7516;0.013127599425055921;98.6872;True
Ohsumed;DO09;HD350;Reject H0;0.03;-4.447;0.00031136577846851423;99.9689;True
Ohsumed;DO09;HD500;Reject H0;0.03;-5.1146;7.248888351529154e-05;99.9928;True
Ohsumed;HD50;HD350;Reject H0;0.03;-9.6977;1.4293569408760017e-08;100.0;True
Ohsumed;HD50;HD500;Reject H0;0.03;-11.1705;1.5844345674541835e-09;100.0;True
Ohsumed;HD350;HD500;Fail to reject H0;0.03;-0.6471;0.5257279070783211;47.4272;True
R8;ES10;ES100;Reject H0;0.03;3.9625;0.0009130508586460309;99.9087;True
R8;ES10;ES1000;Reject H0;0.03;9.3366;2.5411017782446338e-08;100.0;True
R8;ES10;LR01;Reject H0;0.03;9.6868;1.4540292616279709e-08;100.0;True
R8;ES10;LR001;Reject H0;0.03;-3.8713;0.0011186870729862374;99.8881;True
R8;ES10;LR0001;Fail to reject H0;0.03;0.7866;0.44176012200492054;55.824;True
R8;ES10;LR00001;Fail to reject H0;0.03;1.5751;0.14268695243044305;85.7313;False
R8;ES10;DO01;Fail to reject H0;0.03;-1.4642;0.16038785406814696;83.9612;True
R8;ES10;DO02;Fail to reject H0;0.03;-0.9459;0.356724512537125;64.3275;True
R8;ES10;DO03;Fail to reject H0;0.03;-0.2387;0.8140113896065866;18.5989;True
R8;ES10;DO04;Fail to reject H0;0.03;-1.5296;0.14350505972081473;85.6495;True
R8;ES10;DO05;Fail to reject H0;0.03;-1.7376;0.09935168517835269;90.0648;True
R8;ES10;DO06;Reject H0;0.03;-2.465;0.023989672387408373;97.601;True
R8;ES10;DO07;Fail to reject H0;0.03;-1.2333;0.23333297879862536;76.6667;True
R8;ES10;DO08;Fail to reject H0;0.03;-1.3483;0.19427007241511252;80.573;True
R8;ES10;DO09;Fail to reject H0;0.03;-0.3668;0.718065074914956;28.1935;True
R8;ES10;HD50;Fail to reject H0;0.03;0.3016;0.7663905623422334;23.3609;True
R8;ES10;HD350;Fail to reject H0;0.03;0.3986;0.6948693610039842;30.5131;True
R8;ES10;HD500;Reject H0;0.03;2.5709;0.02328745592985212;97.6713;False
R8;ES100;ES1000;Reject H0;0.03;6.6752;2.9133902070122406e-06;99.9997;True
R8;ES100;LR01;Reject H0;0.03;7.3472;8.057790270379989e-07;99.9999;True
R8;ES100;LR001;Reject H0;0.03;-10.6512;3.353759428235976e-09;100.0;True
R8;ES100;LR0001;Reject H0;0.03;-4.5974;0.00022351333058874496;99.9776;True
R8;ES100;LR00001;Reject H0;0.03;-4.0102;0.0008208964347674022;99.9179;True
R8;ES100;DO01;Reject H0;0.03;-6.7649;2.4454509081825427e-06;99.9998;True
R8;ES100;DO02;Reject H0;0.03;-6.6242;3.2204290743376395e-06;99.9997;True
R8;ES100;DO03;Reject H0;0.03;-4.9739;9.824537387563101e-05;99.9902;True
R8;ES100;DO04;Reject H0;0.03;-6.7544;2.496100405951531e-06;99.9998;True
R8;ES100;DO05;Reject H0;0.03;-6.2149;7.278632292126692e-06;99.9993;True
R8;ES100;DO06;Reject H0;0.03;-8.4354;1.142815287952326e-07;100.0;True
R8;ES100;DO07;Reject H0;0.03;-7.2232;1.0168854455910183e-06;99.9999;True
R8;ES100;DO08;Reject H0;0.03;-5.9723;1.1928390448510236e-05;99.9988;True
R8;ES100;DO09;Reject H0;0.03;-3.7404;0.001497596773360721;99.8502;True
R8;ES100;HD50;Reject H0;0.03;-2.9797;0.008031686128168661;99.1968;True
R8;ES100;HD350;Reject H0;0.03;-4.3506;0.00038536727530699667;99.9615;True
R8;ES100;HD500;Fail to reject H0;0.03;-2.3313;0.03156117775783359;96.8439;True
R8;ES1000;LR01;Fail to reject H0;0.03;2.0796;0.05212922219289162;94.7871;True
R8;ES1000;LR001;Reject H0;0.03;-17.7807;7.26159548670989e-13;100.0;True
R8;ES1000;LR0001;Reject H0;0.03;-11.9896;5.117598746652473e-10;100.0;True
R8;ES1000;LR00001;Reject H0;0.03;-12.0332;1.8788541778677375e-08;100.0;False
R8;ES1000;DO01;Reject H0;0.03;-13.2808;9.700418566274845e-11;100.0;True
R8;ES1000;DO02;Reject H0;0.03;-13.6885;5.897269089177482e-11;100.0;True
R8;ES1000;DO03;Reject H0;0.03;-11.2252;1.4663585574321306e-09;100.0;True
R8;ES1000;DO04;Reject H0;0.03;-13.1743;1.1069985076906213e-10;100.0;True
R8;ES1000;DO05;Reject H0;0.03;-11.8015;6.59830665763802e-10;100.0;True
R8;ES1000;DO06;Reject H0;0.03;-15.3022;9.22803893822161e-12;100.0;True
R8;ES1000;DO07;Reject H0;0.03;-14.5007;2.268066500370424e-11;100.0;True
R8;ES1000;DO08;Reject H0;0.03;-11.8055;6.562174666038279e-10;100.0;True
R8;ES1000;DO09;Reject H0;0.03;-8.3014;1.4416589139365642e-07;100.0;True
R8;ES1000;HD50;Reject H0;0.03;-7.532;5.719576167039092e-07;99.9999;True
R8;ES1000;HD350;Reject H0;0.03;-10.8151;2.639446058016802e-09;100.0;True
R8;ES1000;HD500;Reject H0;0.03;-9.9101;1.0260064507802396e-08;100.0;True
R8;LR01;LR001;Reject H0;0.03;-15.4924;1.354652409840228e-09;100.0;False
R8;LR01;LR0001;Reject H0;0.03;-11.1855;6.539157231553419e-08;100.0;False
R8;LR01;LR00001;Reject H0;0.03;-10.9866;2.9732822661492104e-07;100.0;False
R8;LR01;DO01;Reject H0;0.03;-12.4948;2.626044204760158e-10;100.0;True
R8;LR01;DO02;Reject H0;0.03;-12.5611;2.4099352746724386e-10;100.0;True
R8;LR01;DO03;Reject H0;0.03;-10.9968;2.030235456447609e-09;100.0;True
R8;LR01;DO04;Reject H0;0.03;-12.4533;2.771758737148811e-10;100.0;True
R8;LR01;DO05;Reject H0;0.03;-11.6704;7.891542133215281e-10;100.0;True
R8;LR01;DO06;Reject H0;0.03;-13.8487;4.866391758513876e-11;100.0;True
R8;LR01;DO07;Reject H0;0.03;-13.0526;1.0646167449325698e-08;100.0;False
R8;LR01;DO08;Reject H0;0.03;-11.5933;8.773075420809602e-10;100.0;True
R8;LR01;DO09;Reject H0;0.03;-8.9169;5.055049547674755e-08;100.0;True
R8;LR01;HD50;Reject H0;0.03;-8.2439;1.593804364520495e-07;100.0;True
R8;LR01;HD350;Reject H0;0.03;-10.6111;3.5575679616278573e-09;100.0;True
R8;LR01;HD500;Reject H0;0.03;-9.616;4.3309437398603333e-07;100.0;False
R8;LR001;LR0001;Reject H0;0.03;7.3271;8.367011754614687e-07;99.9999;True
R8;LR001;LR00001;Reject H0;0.03;9.6623;1.5113014172705335e-08;100.0;True
R8;LR001;DO01;Reject H0;0.03;3.0173;0.007402238170670903;99.2598;True
R8;LR001;DO02;Reject H0;0.03;4.3261;0.0004068712417107749;99.9593;True
R8;LR001;DO03;Reject H0;0.03;4.4239;0.0003276562698146733;99.9672;True
R8;LR001;DO04;Reject H0;0.03;2.8383;0.01090208626399327;98.9098;True
R8;LR001;DO05;Fail to reject H0;0.03;1.8698;0.07786007030659024;92.214;True
R8;LR001;DO06;Fail to reject H0;0.03;1.9087;0.07237875979925128;92.7621;True
R8;LR001;DO07;Reject H0;0.03;4.1467;0.0006059274429857617;99.9394;True
R8;LR001;DO08;Reject H0;0.03;2.5678;0.019363496042309983;98.0637;True
R8;LR001;DO09;Reject H0;0.03;2.7363;0.018335029327867753;98.1665;False
R8;LR001;HD50;Reject H0;0.03;3.5098;0.004444201459153152;99.5556;False
R8;LR001;HD350;Reject H0;0.03;5.5211;3.0486965885557184e-05;99.997;True
R8;LR001;HD500;Reject H0;0.03;10.3019;5.64018077238886e-09;100.0;True
R8;LR0001;LR00001;Fail to reject H0;0.03;1.2833;0.21565446426169815;78.4346;True
R8;LR0001;DO01;Reject H0;0.03;-3.1292;0.005796663446378413;99.4203;True
R8;LR0001;DO02;Reject H0;0.03;-2.6162;0.017492642663226185;98.2507;True
R8;LR0001;DO03;Fail to reject H0;0.03;-1.2953;0.21159680793128333;78.8403;True
R8;LR0001;DO04;Reject H0;0.03;-3.1765;0.005225479776354774;99.4775;True
R8;LR0001;DO05;Reject H0;0.03;-3.0857;0.006376081241885954;99.3624;True
R8;LR0001;DO06;Reject H0;0.03;-4.8387;0.0001318007455502268;99.9868;True
R8;LR0001;DO07;Reject H0;0.03;-3.1797;0.0051890970145433545;99.4811;True
R8;LR0001;DO08;Reject H0;0.03;-2.6707;0.01559100519966047;98.4409;True
R8;LR0001;DO09;Fail to reject H0;0.03;-1.0779;0.3027315038575182;69.7268;False
R8;LR0001;HD50;Fail to reject H0;0.03;-0.2842;0.781244152829646;21.8756;False
R8;LR0001;HD350;Fail to reject H0;0.03;-0.4474;0.659895675820731;34.0104;True
R8;LR0001;HD500;Reject H0;0.03;2.8352;0.010974889279780388;98.9025;True
R8;LR00001;DO01;Reject H0;0.03;-4.4555;0.00030559890868409544;99.9694;True
R8;LR00001;DO02;Reject H0;0.03;-4.1435;0.0006101906869699047;99.939;True
R8;LR00001;DO03;Fail to reject H0;0.03;-2.3446;0.035689458243893836;96.4311;False
R8;LR00001;DO04;Reject H0;0.03;-4.4663;0.00029839049673687895;99.9702;True
R8;LR00001;DO05;Reject H0;0.03;-4.0683;0.0016321639935609423;99.8368;False
R8;LR00001;DO06;Reject H0;0.03;-6.5633;3.630154683780655e-06;99.9996;True
R8;LR00001;DO07;Reject H0;0.03;-4.9207;0.00011025071109980157;99.989;True
R8;LR00001;DO08;Reject H0;0.03;-3.7014;0.002975093409918127;99.7025;False
R8;LR00001;DO09;Fail to reject H0;0.03;-1.7161;0.11555283384722881;88.4447;False
R8;LR00001;HD50;Fail to reject H0;0.03;-0.8922;0.39235737573044505;60.7643;False
R8;LR00001;HD350;Fail to reject H0;0.03;-1.4809;0.15592212272994385;84.4078;True
R8;LR00001;HD500;Fail to reject H0;0.03;1.9495;0.06699727630018085;93.3003;True
R8;DO01;DO02;Fail to reject H0;0.03;0.7828;0.4439231712938;55.6077;True
R8;DO01;DO03;Fail to reject H0;0.03;1.4416;0.16658754385638871;83.3412;True
R8;DO01;DO04;Fail to reject H0;0.03;-0.101;0.9206773787437739;7.9323;True
R8;DO01;DO05;Fail to reject H0;0.03;-0.516;0.6121227882922864;38.7877;True
R8;DO01;DO06;Fail to reject H0;0.03;-1.2045;0.24400591612145225;75.5994;True
R8;DO01;DO07;Fail to reject H0;0.03;0.4626;0.6491603347422107;35.084;True
R8;DO01;DO08;Fail to reject H0;0.03;-0.0039;0.9969071730289207;0.3093;True
R8;DO01;DO09;Fail to reject H0;0.03;0.8176;0.4242913248896494;57.5709;True
R8;DO01;HD50;Fail to reject H0;0.03;1.5606;0.13602872957518608;86.3971;True
R8;DO01;HD350;Fail to reject H0;0.03;2.2904;0.03428704797440166;96.5713;True
R8;DO01;HD500;Reject H0;0.03;5.5333;2.9715188043002894e-05;99.997;True
R8;DO02;DO03;Fail to reject H0;0.03;0.8307;0.41702156711407967;58.2978;True
R8;DO02;DO04;Fail to reject H0;0.03;-0.8775;0.3917768724960732;60.8223;True
R8;DO02;DO05;Fail to reject H0;0.03;-1.1888;0.24995577003336578;75.0044;True
R8;DO02;DO06;Fail to reject H0;0.03;-2.1927;0.04171237292642288;95.8288;True
R8;DO02;DO07;Fail to reject H0;0.03;-0.3963;0.6965159412898188;30.3484;True
R8;DO02;DO08;Fail to reject H0;0.03;-0.6782;0.5062540285799313;49.3746;True
R8;DO02;DO09;Fail to reject H0;0.03;0.3527;0.7302294295819998;26.9771;False
R8;DO02;HD50;Fail to reject H0;0.03;1.1271;0.2811882579331053;71.8812;False
R8;DO02;HD350;Fail to reject H0;0.03;1.7365;0.09956190729898402;90.0438;True
R8;DO02;HD500;Reject H0;0.03;5.341;4.4648918351421754e-05;99.9955;True
R8;DO03;DO04;Fail to reject H0;0.03;-1.5157;0.14695661733392273;85.3043;True
R8;DO03;DO05;Fail to reject H0;0.03;-1.7266;0.10135901557451762;89.8641;True
R8;DO03;DO06;Reject H0;0.03;-2.6637;0.01582237038221769;98.4178;True
R8;DO03;DO07;Fail to reject H0;0.03;-1.1855;0.2512306092884752;74.8769;True
R8;DO03;DO08;Fail to reject H0;0.03;-1.2882;0.21399317984753297;78.6007;True
R8;DO03;DO09;Fail to reject H0;0.03;-0.1981;0.8452126807384018;15.4787;True
R8;DO03;HD50;Fail to reject H0;0.03;0.5307;0.6021291378957251;39.7871;True
R8;DO03;HD350;Fail to reject H0;0.03;0.7573;0.458694392788381;54.1306;True
R8;DO03;HD500;Reject H0;0.03;3.5037;0.0025355873666959338;99.7464;True
R8;DO04;DO05;Fail to reject H0;0.03;-0.4246;0.6761558129813283;32.3844;True
R8;DO04;DO06;Fail to reject H0;0.03;-1.0734;0.29726279055420635;70.2737;True
R8;DO04;DO07;Fail to reject H0;0.03;0.5672;0.5776169485014584;42.2383;True
R8;DO04;DO08;Fail to reject H0;0.03;0.0853;0.9329271709637362;6.7073;True
R8;DO04;DO09;Fail to reject H0;0.03;0.8796;0.3906604834707499;60.934;True
R8;DO04;HD50;Fail to reject H0;0.03;1.6168;0.12331083043659889;87.6689;True
R8;DO04;HD350;Fail to reject H0;0.03;2.3527;0.03021418057830566;96.9786;True
R8;DO04;HD500;Reject H0;0.03;5.5273;3.009648818746451e-05;99.997;True
R8;DO05;DO06;Fail to reject H0;0.03;-0.4491;0.6587454041728213;34.1255;True
R8;DO05;DO07;Fail to reject H0;0.03;0.9365;0.3614182138090185;63.8582;True
R8;DO05;DO08;Fail to reject H0;0.03;0.4666;0.6463759963941089;35.3624;True
R8;DO05;DO09;Fail to reject H0;0.03;1.128;0.27412216469207384;72.5878;True
R8;DO05;HD50;Fail to reject H0;0.03;1.8098;0.08705960330461406;91.294;True
R8;DO05;HD350;Reject H0;0.03;2.4454;0.024980830291285876;97.5019;True
R8;DO05;HD500;Reject H0;0.03;5.0064;9.156609013154961e-05;99.9908;True
R8;DO06;DO07;Fail to reject H0;0.03;1.9107;0.07210145010754303;92.7899;True
R8;DO06;DO08;Fail to reject H0;0.03;1.0386;0.3127443829738187;68.7256;True
R8;DO06;DO09;Fail to reject H0;0.03;1.6175;0.1303813100558462;86.9619;False
R8;DO06;HD50;Fail to reject H0;0.03;2.379;0.03387764605083412;96.6122;False
R8;DO06;HD350;Reject H0;0.03;3.6227;0.0019462751101286516;99.8054;True
R8;DO06;HD500;Reject H0;0.03;7.5185;5.864550672173534e-07;99.9999;True
R8;DO07;DO08;Fail to reject H0;0.03;-0.3986;0.6948491725308005;30.5151;True
R8;DO07;DO09;Fail to reject H0;0.03;0.5759;0.5755757405629736;42.4424;False
R8;DO07;HD50;Fail to reject H0;0.03;1.3608;0.1991777141814312;80.0822;False
R8;DO07;HD350;Fail to reject H0;0.03;2.1416;0.0461531173080199;95.3847;True
R8;DO07;HD500;Reject H0;0.03;6.0753;9.662303962286415e-06;99.999;True
R8;DO08;DO09;Fail to reject H0;0.03;0.7718;0.450223219384432;54.9777;True
R8;DO08;HD50;Fail to reject H0;0.03;1.4715;0.15841809446828958;84.1582;True
R8;DO08;HD350;Fail to reject H0;0.03;2.03;0.05740608688223199;94.2594;True
R8;DO08;HD500;Reject H0;0.03;4.7012;0.0001779862083429232;99.9822;True
R8;DO09;HD50;Fail to reject H0;0.03;0.6005;0.5556549668437308;44.4345;True
R8;DO09;HD350;Fail to reject H0;0.03;0.7428;0.467202559810203;53.2797;True
R8;DO09;HD500;Reject H0;0.03;2.5353;0.02684376695147225;97.3156;False
R8;HD50;HD350;Fail to reject H0;0.03;0.0;1.0;0.0;True
R8;HD50;HD500;Fail to reject H0;0.03;1.7297;0.11037432000760432;88.9626;False
R8;HD350;HD500;Reject H0;0.03;2.7451;0.013311270967101007;98.6689;True
R52;ES10;ES100;Fail to reject H0;0.03;-0.8415;0.41109312319132096;58.8907;True
R52;ES10;ES1000;Fail to reject H0;0.03;-2.236;0.03825102702516166;96.1749;True
R52;ES10;LR01;Reject H0;0.03;6.1853;7.728251442947448e-06;99.9992;True
R52;ES10;LR001;Reject H0;0.03;2.5548;0.01990103495712385;98.0099;True
R52;ES10;LR0001;Reject H0;0.03;9.7286;1.3615423986993602e-08;100.0;True
R52;ES10;LR00001;Reject H0;0.03;55.8991;1.2334150889965263e-21;100.0;True
R52;ES10;DO01;Fail to reject H0;0.03;-2.0532;0.06069563499336377;93.9304;False
R52;ES10;DO02;Fail to reject H0;0.03;-0.882;0.38941385970919873;61.0586;True
R52;ES10;DO03;Fail to reject H0;0.03;-0.162;0.873088372815561;12.6912;True
R52;ES10;DO04;Fail to reject H0;0.03;-0.5579;0.5838178677563355;41.6182;True
R52;ES10;DO05;Fail to reject H0;0.03;-0.6415;0.5292646061043662;47.0735;True
R52;ES10;DO06;Reject H0;0.03;2.8961;0.009625276502645231;99.0375;True
R52;ES10;DO07;Fail to reject H0;0.03;2.225;0.039106667018488764;96.0893;True
R52;ES10;DO08;Reject H0;0.03;2.7047;0.01823695672229641;98.1763;False
R52;ES10;DO09;Reject H0;0.03;8.8648;5.5138507829087754e-08;100.0;True
R52;ES10;HD50;Reject H0;0.03;6.4483;5.117431711372713e-05;99.9949;False
R52;ES10;HD350;Fail to reject H0;0.03;-0.9359;0.36169698918516624;63.8303;True
R52;ES10;HD500;Fail to reject H0;0.03;-1.1124;0.280591031602401;71.9409;True
R52;ES100;ES1000;Fail to reject H0;0.03;-1.7535;0.09653374642169191;90.3466;True
R52;ES100;LR01;Reject H0;0.03;7.2758;9.570560282604062e-06;99.999;False
R52;ES100;LR001;Reject H0;0.03;3.6859;0.0016908947397837005;99.8309;True
R52;ES100;LR0001;Reject H0;0.03;10.788;3.2448429515578526e-07;100.0;False
R52;ES100;LR00001;Reject H0;0.03;69.8049;2.301894117022429e-23;100.0;True
R52;ES100;DO01;Fail to reject H0;0.03;-1.514;0.14739402646603417;85.2606;True
R52;ES100;DO02;Fail to reject H0;0.03;-0.1175;0.9077698380869419;9.223;True
R52;ES100;DO03;Fail to reject H0;0.03;0.9119;0.3738634020398579;62.6137;True
R52;ES100;DO04;Fail to reject H0;0.03;0.2223;0.8265468390442745;17.3453;True
R52;ES100;DO05;Fail to reject H0;0.03;0.1096;0.9139333027315333;8.6067;True
R52;ES100;DO06;Reject H0;0.03;4.2456;0.000486369945192025;99.9514;True
R52;ES100;DO07;Reject H0;0.03;2.9542;0.012227903650512177;98.7772;False
R52;ES100;DO08;Reject H0;0.03;3.3032;0.007185897087448766;99.2814;False
R52;ES100;DO09;Reject H0;0.03;10.1239;3.4447152595632687e-07;100.0;False
R52;ES100;HD50;Reject H0;0.03;6.9341;4.3403587765112444e-05;99.9957;False
R52;ES100;HD350;Fail to reject H0;0.03;-0.2561;0.8007483815283498;19.9252;True
R52;ES100;HD500;Fail to reject H0;0.03;-0.2863;0.7779372339442838;22.2063;True
R52;ES1000;LR01;Reject H0;0.03;8.266;3.0297341542712843e-06;99.9997;False
R52;ES1000;LR001;Reject H0;0.03;4.9873;9.543971846110188e-05;99.9905;True
R52;ES1000;LR0001;Reject H0;0.03;11.6272;1.7693939115560176e-07;100.0;False
R52;ES1000;LR00001;Reject H0;0.03;72.9028;1.0562801737619894e-23;100.0;True
R52;ES1000;DO01;Fail to reject H0;0.03;0.4709;0.6433363173028839;35.6664;True
R52;ES1000;DO02;Fail to reject H0;0.03;1.4507;0.16408082376921207;83.5919;True
R52;ES1000;DO03;Reject H0;0.03;2.7973;0.011905768253508144;98.8094;True
R52;ES1000;DO04;Fail to reject H0;0.03;1.6796;0.11030425317733658;88.9696;True
R52;ES1000;DO05;Fail to reject H0;0.03;1.5345;0.14229957379476085;85.77;True
R52;ES1000;DO06;Reject H0;0.03;5.7053;2.0724741138495983e-05;99.9979;True
R52;ES1000;DO07;Reject H0;0.03;3.8798;0.0023370593630676686;99.7663;False
R52;ES1000;DO08;Reject H0;0.03;4.0587;0.002011101739986102;99.7989;False
R52;ES1000;DO09;Reject H0;0.03;11.1038;1.549174618247352e-07;100.0;False
R52;ES1000;HD50;Reject H0;0.03;7.4648;2.4395612660345632e-05;99.9976;False
R52;ES1000;HD350;Fail to reject H0;0.03;1.1143;0.27981265914440506;72.0187;True
R52;ES1000;HD500;Fail to reject H0;0.03;1.6499;0.11630671993214234;88.3693;True
R52;LR01;LR001;Reject H0;0.03;-3.9972;0.0008451509513079183;99.9155;True
R52;LR01;LR0001;Reject H0;0.03;3.8306;0.0012248942898364342;99.8775;True
R52;LR01;LR00001;Reject H0;0.03;32.5461;1.1388622540204345e-13;100.0;False
R52;LR01;DO01;Reject H0;0.03;-8.3004;5.870022244406019e-06;99.9994;False
R52;LR01;DO02;Reject H0;0.03;-7.1026;1.277473672479682e-06;99.9999;True
R52;LR01;DO03;Reject H0;0.03;-6.9172;2.0824985695291515e-05;99.9979;False
R52;LR01;DO04;Reject H0;0.03;-6.7106;2.718647267501453e-06;99.9997;True
R52;LR01;DO05;Reject H0;0.03;-6.7255;2.640949984660439e-06;99.9997;True
R52;LR01;DO06;Reject H0;0.03;-4.0714;0.0007164213801161932;99.9284;True
R52;LR01;DO07;Reject H0;0.03;-3.1613;0.00540320877890161;99.4597;True
R52;LR01;DO08;Fail to reject H0;0.03;-2.0406;0.0562324277972804;94.3768;True
R52;LR01;DO09;Reject H0;0.03;2.3611;0.0296979426192028;97.0302;True
R52;LR01;HD50;Reject H0;0.03;2.6504;0.016273462201459993;98.3727;True
R52;LR01;HD350;Reject H0;0.03;-6.8656;2.0116412687492465e-06;99.9998;True
R52;LR01;HD500;Reject H0;0.03;-7.622;1.0336106923135333e-05;99.999;False
R52;LR001;LR0001;Reject H0;0.03;7.7586;3.7805919237059133e-07;100.0;True
R52;LR001;LR00001;Reject H0;0.03;48.4476;1.593914847066683e-20;100.0;True
R52;LR001;DO01;Reject H0;0.03;-4.9692;0.000312080156142949;99.9688;False
R52;LR001;DO02;Reject H0;0.03;-3.5664;0.002205900772263027;99.7794;True
R52;LR001;DO03;Reject H0;0.03;-3.1516;0.0055189685915703396;99.4481;True
R52;LR001;DO04;Reject H0;0.03;-3.152;0.005514225108803427;99.4486;True
R52;LR001;DO05;Reject H0;0.03;-3.1976;0.004988217155524166;99.5012;True
R52;LR001;DO06;Fail to reject H0;0.03;0.1288;0.8989518875350724;10.1048;True
R52;LR001;DO07;Fail to reject H0;0.03;0.249;0.8062116931338728;19.3788;True
R52;LR001;DO08;Fail to reject H0;0.03;1.0281;0.3175374952896202;68.2463;True
R52;LR001;DO09;Reject H0;0.03;6.6307;3.1795293182346494e-06;99.9997;True
R52;LR001;HD50;Reject H0;0.03;5.1958;0.00026746518930921093;99.9733;False
R52;LR001;HD350;Reject H0;0.03;-3.4192;0.0030589390200907226;99.6941;True
R52;LR001;HD500;Reject H0;0.03;-4.0691;0.0013445953452341692;99.8655;False
R52;LR0001;LR00001;Reject H0;0.03;22.8368;5.3542820070251664e-11;100.0;False
R52;LR0001;DO01;Reject H0;0.03;-11.6928;3.4875693061995584e-07;100.0;False
R52;LR0001;DO02;Reject H0;0.03;-10.5899;1.913438383226044e-07;100.0;False
R52;LR0001;DO03;Reject H0;0.03;-10.5125;5.964185232613755e-07;99.9999;False
R52;LR0001;DO04;Reject H0;0.03;-10.2122;1.6738298631000647e-07;100.0;False
R52;LR0001;DO05;Reject H0;0.03;-10.2114;1.441034030381743e-07;100.0;False
R52;LR0001;DO06;Reject H0;0.03;-7.9239;2.279752483234443e-06;99.9998;False
R52;LR0001;DO07;Reject H0;0.03;-6.6082;3.3234485400574726e-06;99.9997;True
R52;LR0001;DO08;Reject H0;0.03;-5.2586;5.3225248111256495e-05;99.9947;True
R52;LR0001;DO09;Fail to reject H0;0.03;-1.6591;0.11442799271354234;88.5572;True
R52;LR0001;HD50;Fail to reject H0;0.03;-0.1374;0.8922343369854023;10.7766;True
R52;LR0001;HD350;Reject H0;0.03;-10.3085;5.584074055444901e-09;100.0;True
R52;LR0001;HD500;Reject H0;0.03;-11.116;4.4266218826039843e-07;100.0;False
R52;LR00001;DO01;Reject H0;0.03;-80.2509;1.8847937279208242e-24;100.0;True
R52;LR00001;DO02;Reject H0;0.03;-63.6073;1.219317758006682e-22;100.0;True
R52;LR00001;DO03;Reject H0;0.03;-72.5251;1.1594550234291266e-23;100.0;True
R52;LR00001;DO04;Reject H0;0.03;-59.1091;4.53797650503148e-22;100.0;True
R52;LR00001;DO05;Reject H0;0.03;-58.1079;6.162350345431486e-22;100.0;True
R52;LR00001;DO06;Reject H0;0.03;-53.1355;3.056301957201223e-21;100.0;True
R52;LR00001;DO07;Reject H0;0.03;-35.4373;6.485499352044338e-14;100.0;False
R52;LR00001;DO08;Reject H0;0.03;-28.3256;7.735851526416953e-12;100.0;False
R52;LR00001;DO09;Reject H0;0.03;-28.6968;7.942692338334135e-13;100.0;False
R52;LR00001;HD50;Reject H0;0.03;-15.2873;2.6883008212824836e-08;100.0;False
R52;LR00001;HD350;Reject H0;0.03;-56.6604;9.681302378675093e-22;100.0;True
R52;LR00001;HD500;Reject H0;0.03;-76.3342;4.627351915686186e-24;100.0;True
R52;DO01;DO02;Fail to reject H0;0.03;1.1908;0.2492149377989587;75.0785;True
R52;DO01;DO03;Reject H0;0.03;2.7043;0.014517324734846826;98.5483;True
R52;DO01;DO04;Fail to reject H0;0.03;1.4506;0.1640958821670944;83.5904;True
R52;DO01;DO05;Fail to reject H0;0.03;1.297;0.21102420401651267;78.8976;True
R52;DO01;DO06;Reject H0;0.03;5.7763;6.169602896114587e-05;99.9938;False
R52;DO01;DO07;Reject H0;0.03;3.7764;0.0033426808076399655;99.6657;False
R52;DO01;DO08;Reject H0;0.03;3.9613;0.00271231412447091;99.7288;False
R52;DO01;DO09;Reject H0;0.03;11.2139;3.5720055121066814e-07;100.0;False
R52;DO01;HD50;Reject H0;0.03;7.4124;3.137167585151829e-05;99.9969;False
R52;DO01;HD350;Fail to reject H0;0.03;0.8523;0.4095295788227816;59.047;False
R52;DO01;HD500;Fail to reject H0;0.03;1.3905;0.1813370233550815;81.8663;True
R52;DO02;DO03;Fail to reject H0;0.03;0.9341;0.36260580089497485;63.7394;True
R52;DO02;DO04;Fail to reject H0;0.03;0.3071;0.762264848867501;23.7735;True
R52;DO02;DO05;Fail to reject H0;0.03;0.2012;0.8428237033461677;15.7176;True
R52;DO02;DO06;Reject H0;0.03;4.0536;0.0007452695236060361;99.9255;True
R52;DO02;DO07;Reject H0;0.03;2.9289;0.011715553602014143;98.8284;False
R52;DO02;DO08;Reject H0;0.03;3.2883;0.006721149736721768;99.3279;False
R52;DO02;DO09;Reject H0;0.03;9.8714;1.962369362089723e-07;100.0;False
R52;DO02;HD50;Reject H0;0.03;6.9003;3.706080182357033e-05;99.9963;False
R52;DO02;HD350;Fail to reject H0;0.03;-0.1427;0.8880883239615855;11.1912;True
R52;DO02;HD500;Fail to reject H0;0.03;-0.1254;0.9016245378944969;9.8375;True
R52;DO03;DO04;Fail to reject H0;0.03;-0.5168;0.6115905311394669;38.8409;True
R52;DO03;DO05;Fail to reject H0;0.03;-0.6178;0.5444476627670691;45.5552;True
R52;DO03;DO06;Reject H0;0.03;3.6835;0.001699955059989248;99.83;True
R52;DO03;DO07;Reject H0;0.03;2.5389;0.027145420305423777;97.2855;False
R52;DO03;DO08;Reject H0;0.03;2.9615;0.013639049794623992;98.6361;False
R52;DO03;DO09;Reject H0;0.03;9.8162;7.285569045610368e-07;99.9999;False
R52;DO03;HD50;Reject H0;0.03;6.7076;6.246649330196335e-05;99.9938;False
R52;DO03;HD350;Fail to reject H0;0.03;-0.9705;0.3446635806519449;65.5336;True
R52;DO03;HD500;Fail to reject H0;0.03;-1.3264;0.20129921520616312;79.8701;True
R52;DO04;DO05;Fail to reject H0;0.03;-0.0953;0.9251608777062943;7.4839;True
R52;DO04;DO06;Reject H0;0.03;3.5638;0.0022188126282088215;99.7781;True
R52;DO04;DO07;Reject H0;0.03;2.6588;0.01598706364779001;98.4013;True
R52;DO04;DO08;Reject H0;0.03;3.0672;0.009503729074252192;99.0496;False
R52;DO04;DO09;Reject H0;0.03;9.4237;2.2086640738570212e-08;100.0;True
R52;DO04;HD50;Reject H0;0.03;6.7232;3.959889034085763e-05;99.996;False
R52;DO04;HD350;Fail to reject H0;0.03;-0.4139;0.6838600950958226;31.614;True
R52;DO04;HD500;Fail to reject H0;0.03;-0.4692;0.6445924780872361;35.5408;True
R52;DO05;DO06;Reject H0;0.03;3.6035;0.0020311976004965043;99.7969;True
R52;DO05;DO07;Reject H0;0.03;2.7046;0.01450964379060266;98.549;True
R52;DO05;DO08;Reject H0;0.03;3.106;0.008686851787780631;99.1313;False
R52;DO05;DO09;Reject H0;0.03;9.4192;2.224620812478289e-08;100.0;True
R52;DO05;HD50;Reject H0;0.03;6.7446;3.6772518088183e-05;99.9963;False
R52;DO05;HD350;Fail to reject H0;0.03;-0.3165;0.7552935017342752;24.4706;True
R52;DO05;HD500;Fail to reject H0;0.03;-0.343;0.7355765462454644;26.4423;True
R52;DO06;DO07;Fail to reject H0;0.03;0.1604;0.8743573980265704;12.5643;True
R52;DO06;DO08;Fail to reject H0;0.03;0.9753;0.3476009062449147;65.2399;False
R52;DO06;DO09;Reject H0;0.03;6.81;2.2402266143891053e-06;99.9998;True
R52;DO06;HD50;Reject H0;0.03;5.2149;0.00030777316267198196;99.9692;False
R52;DO06;HD350;Reject H0;0.03;-3.8265;0.0012360817154423466;99.8764;True
R52;DO06;HD500;Reject H0;0.03;-4.7342;0.0001655660525428642;99.9834;True
R52;DO07;DO08;Fail to reject H0;0.03;0.7245;0.47807645312600566;52.1924;True
R52;DO07;DO09;Reject H0;0.03;5.4247;3.737805984713544e-05;99.9963;True
R52;DO07;HD50;Reject H0;0.03;4.7169;0.00017198257105914045;99.9828;True
R52;DO07;HD350;Reject H0;0.03;-2.8937;0.009675964976974698;99.0324;True
R52;DO07;HD500;Reject H0;0.03;-3.1699;0.009075115484637472;99.0925;False
R52;DO08;DO09;Reject H0;0.03;4.0547;0.0007435861154567721;99.9256;True
R52;DO08;HD50;Reject H0;0.03;3.9167;0.0010111433896696626;99.8989;True
R52;DO08;HD350;Reject H0;0.03;-3.2658;0.0062196241028998;99.378;False
R52;DO08;HD500;Reject H0;0.03;-3.473;0.005834404606230096;99.4166;False
R52;DO09;HD50;Fail to reject H0;0.03;1.0745;0.2967958597080412;70.3204;True
R52;DO09;HD350;Reject H0;0.03;-9.5239;1.881941603140726e-08;100.0;True
R52;DO09;HD500;Reject H0;0.03;-10.5289;4.866093162811212e-07;100.0;False
R52;HD50;HD350;Reject H0;0.03;-6.8483;2.9622524224321587e-05;99.997;False
R52;HD50;HD500;Reject H0;0.03;-7.0694;4.337958262842258e-05;99.9957;False
R52;HD350;HD500;Fail to reject H0;0.03;0.0541;0.9574821460903713;4.2518;True
